TaskName;CycleTime;Priority
PubSubTask;500;1
ProcessingTask;5000;2
FileLoggingTask;50000;5
MainTask;500000;16
VISU_TASK;200000;18
PubSubCycleTime
502
498
499
501
500
501
499
500
499
501
500
500
499
502
498
501
500
500
499
500
501
500
500
500
500
500
500
500
500
500
500
500
500
500
499
500
501
500
500
500
499
501
500
500
500
500
500
500
500
500
500
499
501
500
500
500
500
500
500
500
499
502
498
501
501
498
501
500
499
502
499
500
500
500
499
500
501
500
500
500
500
499
500
500
501
500
500
500
500
500
499
501
500
500
499
500
501
500
499
501
500
501
499
500
500
499
501
500
500
500
500
500
500
499
500
500
501
500
500
499
500
501
499
501
500
501
499
500
501
498
501
500
500
500
500
500
500
500
500
500
500
500
499
500
500
501
499
500
500
501
499
501
500
500
500
499
501
500
499
500
500
500
501
499
500
501
500
500
500
500
500
500
500
500
499
501
500
500
500
500
500
500
500
500
499
501
500
500
500
501
499
500
500
500
499
500
505
497
499
499
501
500
500
500
500
500
500
500
500
500
499
500
501
500
499
501
500
500
500
500
500
500
500
500
500
500
500
499
501
501
498
501
500
500
500
500
500
500
500
500
500
500
500
500
500
500
500
500
500
499
501
500
500
500
500
500
500
500
500
500
500
500
500
500
500
500
500
500
499
501
500
500
501
499
499
501
500
500
500
499
500
500
501
500
500
500
500
500
499
501
499
500
501
500
499
501
500
499
501
500
500
500
500
500
500
499
501
500
500
500
500
500
500
499
500
501
500
500
500
500
499
501
500
499
501
500
500
499
501
500
499
501
500
500
500
499
501
500
500
499
501
500
501
499
499
501
500
500
500
500
499
500
501
500
500
500
500
500
500
500
499
501
500
500
500
500
499
500
501
499
501
500
500
500
500
500
500
500
500
500
499
501
499
501
500
500
500
500
500
500
499
501
500
499
501
500
500
500
500
500
499
500
500
501
499
501
499
500
501
499
500
500
501
500
500
499
500
501
500
499
501
499
501
500
500
499
501
500
499
501
500
500
500
500
499
500
501
500
499
501
499
501
499
501
499
501
500
500
500
500
500
500
500
500
500
500
500
500
500
500
500
500
500
500
500
500
500
499
500
501
499
501
500
500
500
499
500
501
500
500
500
499
501
499
500
501
500
500
500
500
500
500
499
501
499
500
501
499
500
501
500
500
500
500
500
500
499
501
500
500
499
501
500
500
500
499
501
500
499
501
500
499
501
500
499
501
499
501
500
500
500
500
500
500
499
501
501
498
500
501
500
500
500
500
500
500
500
500
500
500
500
499
501
499
501
499
500
501
500
500
499
501
499
501
500
500
499
501
500
500
500
500
500
500
500
499
501
500
500
500
499
501
500
500
500
499
501
499
501
501
499
500
500
499
500
501
500
500
499
500
501
499
500
500
501
500
500
500
499
501
500
500
499
501
499
501
500
500
499
501
499
501
500
499
501
500
500
499
501
500
500
500
500
499
501
500
500
501
499
500
500
500
499
501
500
500
500
500
499
501
500
500
500
500
500
500
500
500
499
501
500
500
500
500
500
500
500
500
499
501
500
500
500
499
501
500
500
500
499
501
500
499
501
500
500
500
500
500
500
500
499
501
499
501
499
501
500
500
500
499
501
500
500
500
500
500
500
500
499
501
500
500
500
499
501
499
500
501
500
500
500
500
500
500
500
500
500
500
500
500
499
501
500
500
500
500
500
500
500
500
499
501
500
500
500
500
500
500
499
501
500
500
500
500
500
499
501
500
500
500
500
500
500
500
500
500
500
500
507
493
500
499
501
500
500
500
500
500
499
501
500
500
500
500
500
500
499
501
500
500
499
501
500
500
500
500
499
501
500
500
500
499
500
500
501
500
500
500
500
500
500
499
501
500
500
499
501
500
500
500
500
500
500
500
500
500
500
500
500
501
498
501
500
500
500
500
500
500
500
500
500
513
487
500
499
501
500
500
500
500
500
500
500
500
500
499
501
499
501
500
500
500
500
500
500
500
500
500
500
500
500
500
500
500
500
500
500
500
500
500
500
500
500
500
500
500
500
499
501
500
500
500
500
500
500
500
501
499
500
499
501
500
499
501
500
500
499
501
500
500
499
501
500
500
500
499
501
500
500
500
500
500
500
500
500
500
500
500
500
500
500
499
501
500
500
500
501
499
500
500
500
500
499
501
500
500
500
500
499
501
499
501
500
500
500
500
499
501
500
500
500
499
500
501
500
500
500
500
500
500
500
500
500
500
499
501
500
500
500
500
500
500
499
501
500
500
500
499
500
501
500
500
501
499
499
501
500
500
500
500
500
500
499
500
501
500
500
500
500
499
500
501
500
500
500
499
501
500
500
500
500
500
500
500
500
500
500
500
500
500
500
500
500
499
500
501
500
500
500
499
501
501
499
499
501
500
500
500
499
501
500
500
499
501
500
499
500
501
500
500
500
500
500
500
500
500
500
500
500
501
499
500
500
499
501
499
501
500
500
499
500
500
500
501
499
501
499
501
500
500
500
500
500
500
499
501
500
499
501
500
500
500
500
500
500
500
500
499
501
500
500
500
500
499
500
500
500
501
500
499
501
500
500
500
500
501
499
499
501
500
499
500
501
500
499
500
501
500
499
501
499
501
500
500
500
500
499
500
500
501
500
500
500
500
500
500
500
500
500
500
499
501
499
500
501
500
500
500
500
500
500
500
500
500
500
500
499
500
501
499
500
501
499
501
500
500
499
502
499
500
500
500
500
500
500
499
501
500
500
500
500
500
500
499
501
500
499
500
501
500
499
501
499
501
500
500
500
499
500
501
500
500
499
501
500
500
500
499
500
502
498
501
500
499
501
499
501
500
500
499
501
500
500
499
501
500
501
499
500
500
500
500
499
501
500
500
499
500
501
500
499
501
500
500
500
500
500
500
500
500
499
502
499
499
501
499
500
501
500
499
500
501
500
499
501
500
500
500
500
500
500
499
500
501
499
501
500
500
499
501
500
500
499
501
500
500
500
500
499
501
500
500
500
500
500
499
501
500
500
499
501
500
500
499
501
500
500
500
500
500
500
500
499
501
500
499
501
500
500
499
500
501
499
501
500
500
500
500
500
501
499
500
500
499
501
500
504
496
500
500
499
500
501
500
500
500
500
500
500
500
500
499
501
500
500
500
500
500
500
500
500
500
500
500
500
500
500
500
499
501
500
500
500
500
500
500
500
501
498
500
501
500
499
500
500
501
500
500
500
500
499
500
501
500
500
499
501
500
499
501
499
501
500
499
501
500
500
500
499
502
499
500
500
500
499
501
500
500
500
500
499
501
500
500
499
502
498
501
500
500
500
500
500
500
499
501
500
500
500
499
501
500
499
501
500
499
501
500
500
500
500
500
500
500
500
500
499
501
499
500
501
500
500
499
501
500
500
500
500
501
499
499
501
501
499
500
500
500
500
500
500
501
499
500
500
500
500
499
501
500
500
501
499
500
500
500
499
501
499
501
500
500
500
499
501
501
499
500
500
500
499
501
500
500
500
499
501
500
500
500
499
501
500
500
500
500
500
500
499
501
500
500
501
499
500
499
500
501
499
501
499
501
500
500
499
501
499
501
500
500
499
501
499
502
498
501
500
499
501
500
499
501
500
500
500
500
500
499
501
500
500
500
500
499
501
499
500
501
499
501
499
501
499
501
499
501
499
501
500
500
499
501
499
502
499
500
500
499
500
500
501
500
500
500
500
499
500
501
500
500
500
500
500
500
500
500
500
500
500
500
500
500
500
500
499
501
499
500
501
500
500
500
499
501
500
500
499
501
500
500
500
500
500
500
500
500
500
500
499
501
499
500
501
499
501
500
500
500
500
499
501
500
500
500
500
500
500
499
501
500
500
499
500
501
500
500
500
499
501
500
500
500
500
500
500
500
500
499
500
501
500
500
500
499
500
501
500
500
500
499
501
500
500
500
499
501
500
500
499
501
500
500
500
500
500
500
500
500
499
501
500
501
499
500
500
500
500
500
500
500
500
500
501
498
501
500
500
500
500
499
500
500
501
500
499
501
499
500
501
500
499
501
500
500
499
501
500
500
500
500
499
500
501
500
500
500
500
500
499
501
500
500
500
499
500
501
500
500
500
499
501
500
500
499
501
500
500
499
501
500
500
499
500
501
499
501
500
500
500
500
500
500
500
500
500
500
500
500
500
500
500
500
500
499
500
500
501
500
500
500
500
500
500
499
501
500
500
499
501
500
499
500
501
500
500
499
501
500
500
500
500
500
500
500
500
500
499
501
499
501
499
501
499
500
500
501
500
500
500
500
499
500
501
500
499
501
499
500
501
499
500
500
501
500
500
499
501
500
500
500
500
500
499
501
500
500
500
500
499
501
499
501
500
499
500
501
500
501
499
500
499
500
501
500
500
500
500
500
500
500
500
500
499
501
499
500
501
500
500
500
500
500
500
500
500
500
499
501
499
501
500
500
499
501
500
500
500
500
499
501
500
500
500
500
499
501
499
501
500
500
500
500
500
500
500
499
501
500
500
500
499
501
500
500
500
500
500
499
501
500
500
500
500
500
500
500
499
501
500
500
500
499
501
500
499
501
499
501
499
500
501
500
500
500
499
500
502
499
500
500
500
500
500
500
500
500
500
499
501
500
500
500
500
500
499
501
499
501
500
500
499
501
500
500
500
500
500
500
500
500
500
500
500
500
500
499
501
500
500
500
500
501
499
499
501
500
500
500
500
500
500
500
500
500
500
499
501
500
499
500
500
500
501
507
493
500
500
500
500
500
500
500
499
501
500
500
500
500
500
500
499
501
500
500
500
500
499
501
500
500
500
499
501
500
500
500
500
500
499
501
500
500
500
500
499
501
499
501
500
499
500
501
499
501
499
500
500
500
501
500
500
500
500
500
500
500
500
500
500
500
500
500
499
500
501
500
499
500
501
500
500
499
500
501
499
501
500
500
500
500
499
501
500
500
500
500
500
500
500
500
500
500
500
500
500
499
501
500
500
500
500
500
500
500
500
499
501
500
500
500
500
499
501
500
499
501
500
500
500
500
500
500
500
500
500
499
501
500
499
501
500
500
503
497
500
500
499
500
501
500
500
499
501
500
500
500
499
501
500
500
499
500
501
500
500
500
499
501
500
500
500
500
500
500
500
500
500
500
499
501
500
500
500
500
500
500
500
500
499
501
499
500
501
500
500
500
500
500
500
500
499
500
501
500
500
500
500
500
500
500
500
499
501
500
500
500
500
500
500
500
500
501
499
500
500
500
500
500
499
502
499
500
500
500
500
500
500
500
500
500
500
500
500
499
501
500
500
500
499
501
499
500
501
500
500
500
500
500
500
500
500
500
500
500
499
501
499
501
499
501
500
499
501
500
500
499
501
500
500
500
500
500
500
500
500
500
500
500
500
500
500
499
501
500
499
501
500
499
501
500
499
501
500
500
500
500
500
500
499
501
499
501
500
500
499
501
500
500
499
501
500
500
500
500
499
501
500
500
500
500
499
500
501
500
500
500
500
500
500
500
500
500
499
501
499
501
500
500
500
500
500
500
500
500
499
501
499
501
500
500
500
499
501
500
500
500
500
500
500
500
500
501
499
500
500
500
500
499
501
500
499
501
500
499
501
500
499
500
500
501
499
501
500
500
500
500
500
500
500
500
500
500
499
501
500
500
500
500
500
499
501
499
501
500
500
500
500
500
500
499
501
500
500
500
500
500
500
500
500
500
506
494
500
499
501
500
505
495
500
500
500
500
499
501
499
502
499
500
500
500
500
500
500
500
500
499
501
500
500
500
500
500
500
500
500
500
499
501
499
501
500
500
500
500
500
499
501
500
500
500
500
500
499
501
500
500
500
500
500
500
499
500
501
500
500
499
501
500
500
500
500
500
500
500
500
500
500
500
500
500
500
500
500
500
499
501
500
500
500
500
500
500
499
500
501
500
500
500
499
501
499
500
501
500
500
499
504
497
500
499
501
500
499
501
500
500
500
500
500
500
499
500
501
499
500
501
499
501
500
500
500
500
500
500
500
500
499
501
500
499
500
501
500
500
499
500
501
500
500
500
500
500
500
500
500
500
500
499
500
501
500
500
499
501
500
499
500
501
500
500
500
500
500
499
501
500
500
500
501
498
500
500
501
500
499
501
500
500
500
500
500
501
499
500
500
499
500
501
499
501
499
500
501
500
500
500
500
501
499
499
501
500
499
501
500
500
500
500
500
499
500
501
500
500
500
500
500
500
500
500
499
501
500
500
500
500
500
500
499
502
499
500
501
499
500
500
500
500
500
500
500
500
500
499
501
500
499
500
501
500
500
500
500
500
499
500
501
500
500
500
500
500
500
500
500
499
500
500
501
500
499
502
499
499
501
499
508
493
500
500
500
500
500
499
501
500
500
500
500
500
500
500
500
500
499
501
500
500
500
500
500
500
500
500
499
501
500
500
500
500
499
500
501
499
501
499
501
500
500
500
500
500
500
500
500
500
500
500
500
500
500
499
501
500
499
501
499
501
500
500
500
500
500
500
500
500
499
501
500
501
499
500
500
500
499
500
501
500
500
499
501
500
500
500
500
500
499
500
501
499
500
500
501
500
500
500
500
500
500
500
500
500
499
501
500
500
499
500
500
502
499
500
500
500
500
499
501
500
500
499
500
500
502
499
500
500
500
499
501
499
501
500
500
500
499
501
500
500
500
500
499
501
499
501
500
500
500
499
500
501
500
499
501
500
500
499
500
501
500
499
500
500
501
500
500
500
500
499
501
499
501
499
501
500
500
500
500
499
501
500
499
501
500
500
500
499
501
500
500
500
499
501
500
500
500
500
500
500
499
501
500
500
500
499
501
501
499
500
500
500
500
500
500
500
499
500
501
500
500
500
499
501
499
501
500
500
500
499
500
501
499
501
500
500
500
500
499
501
500
500
499
500
500
501
499
501
500
499
501
500
500
499
501
500
500
499
501
500
499
501
500
500
500
500
500
499
501
500
499
501
500
500
500
500
500
500
500
501
499
500
499
501
500
500
499
501
500
500
499
501
500
499
501
500
500
500
500
500
500
500
500
500
500
499
501
500
500
499
501
501
499
500
500
499
500
500
501
500
500
500
500
500
500
500
500
501
499
500
499
501
500
500
500
500
499
500
501
500
499
500
501
501
499
499
501
499
501
500
500
500
500
500
500
500
500
500
500
500
499
501
499
500
501
500
499
501
499
501
499
501
500
499
501
500
500
499
501
499
501
500
499
501
499
500
500
501
499
501
499
501
500
500
500
500
500
500
499
501
499
501
500
500
499
501
500
500
500
500
500
500
500
499
501
500
500
500
499
500
501
500
500
500
500
500
500
499
501
499
500
501
500
499
501
500
499
500
500
501
499
501
500
500
500
499
500
501
499
501
499
501
500
500
499
501
500
500
500
500
500
500
500
501
499
500
500
500
500
500
500
500
500
500
500
499
501
499
501
500
500
499
501
500
500
500
500
500
500
500
500
500
500
500
500
500
500
500
500
500
500
500
500
500
500
500
501
499
500
499
501
500
500
500
500
500
500
499
501
500
500
499
501
500
499
500
500
501
500
500
499
501
499
500
501
500
500
500
500
499
501
500
500
501
498
501
499
500
501
500
499
501
500
500
500
500
500
500
500
500
500
500
500
500
500
499
501
500
500
500
500
500
500
500
499
501
500
500
499
501
499
501
500
501
499
500
500
500
500
500
500
500
500
500
500
499
501
500
500
500
499
501
500
500
500
499
501
500
500
500
500
500
499
500
500
500
501
500
500
500
499
501
500
500
499
501
500
500
500
500
500
500
500
500
500
499
500
501
499
501
499
500
500
501
499
500
501
501
499
500
500
500
500
499
501
500
499
501
500
500
500
500
500
500
500
500
500
500
500
500
499
501
500
500
500
500
499
500
501
500
500
499
501
499
501
500
500
500
500
500
500
500
500
500
500
501
499
499
501
499
501
499
501
500
500
499
501
500
500
500
499
501
500
500
500
500
499
500
500
501
500
500
500
500
500
500
500
500
500
500
500
499
500
500
500
501
500
499
501
500
500
500
499
501
500
500
500
499
501
500
499
501
500
500
500
499
500
501
500
500
500
500
499
501
500
500
500
500
500
500
500
499
501
499
501
500
500
499
501
500
500
499
501
500
500
500
500
500
500
500
499
501
500
500
500
500
500
499
501
500
500
500
500
500
499
501
500
500
500
500
500
500
499
500
501
500
500
499
501
500
500
500
500
501
499
500
500
499
501
500
500
500
500
500
500
500
499
500
500
501
500
500
499
500
500
501
499
501
500
500
500
500
500
499
501
500
500
500
500
500
500
500
500
500
503
497
500
499
501
499
500
501
500
500
500
500
499
501
505
495
500
500
500
500
499
501
499
501
499
501
500
499
500
501
500
500
500
499
501
499
501
500
500
500
500
500
500
500
500
499
501
500
500
499
500
500
501
500
500
500
499
500
501
500
500
500
499
501
500
500
500
500
499
501
500
500
499
500
501
499
500
501
499
501
500
500
500
500
499
501
500
500
500
500
500
500
500
499
500
501
500
499
500
501
500
499
501
500
499
501
500
500
500
499
501
500
499
501
500
500
500
500
499
501
500
499
501
499
500
501
500
500
500
499
501
500
500
499
501
500
500
500
500
500
499
500
501
500
500
500
500
500
500
500
499
501
499
501
500
500
500
500
500
500
500
500
500
500
500
500
499
502
499
500
501
499
500
499
501
500
500
499
501
500
500
500
499
501
500
500
499
501
500
500
500
500
500
500
500
500
500
500
499
502
499
500
500
500
500
500
499
501
500
500
500
499
501
500
499
501
500
499
500
501
499
500
501
500
499
501
500
500
499
500
501
501
498
501
500
499
501
500
500
500
500
500
500
499
501
499
501
500
500
500
500
499
501
499
501
500
500
500
500
499
500
500
501
500
500
500
499
501
500
500
499
501
500
500
500
500
500
500
500
500
499
501
500
500
500
500
499
501
499
501
501
499
500
500
500
500
500
500
500
500
500
499
501
500
500
500
500
500
499
501
499
501
500
499
501
500
500
500
500
500
500
500
499
501
500
499
501
500
500
500
500
500
500
499
500
501
500
500
500
500
500
499
501
500
500
499
501
500
499
500
500
501
499
501
500
500
500
500
500
500
500
500
499
501
500
500
499
502
499
500
500
500
500
500
499
501
499
501
500
500
500
500
499
501
500
500
500
499
501
500
500
500
500
499
501
500
500
500
499
501
500
500
500
500
500
499
500
501
499
501
500
500
500
500
500
500
499
500
501
500
500
499
501
500
500
500
500
500
500
499
500
501
500
500
500
500
500
500
500
500
500
500
500
500
500
499
501
503
496
501
500
500
500
500
499
501
500
499
501
500
500
500
499
502
499
499
501
499
501
500
500
500
500
500
500
500
500
500
500
500
500
500
499
501
500
500
499
501
499
501
500
500
499
500
500
501
499
501
500
500
500
499
500
501
500
500
500
499
501
500
500
501
499
500
500
500
500
500
499
501
500
499
501
500
500
500
500
501
499
500
501
498
501
500
500
500
499
501
500
500
499
501
500
500
500
500
500
500
499
501
500
500
500
500
500
499
501
500
500
500
500
500
500
499
501
499
501
500
499
500
501
500
500
500
500
500
500
499
501
500
500
500
500
500
499
501
507
493
500
500
500
500
500
500
500
500
500
500
500
500
499
501
500
500
500
500
499
501
500
500
500
500
499
501
499
501
499
501
500
500
500
500
500
500
499
501
501
499
500
499
500
501
499
500
501
500
499
501
500
500
499
501
500
500
500
500
500
500
500
500
500
499
501
500
499
501
500
499
501
500
499
501
499
501
499
501
500
500
500
500
500
500
499
501
500
499
501
500
500
500
500
500
499
500
501
500
499
501
501
499
500
499
501
500
500
500
499
501
500
500
500
499
501
500
500
500
500
500
500
500
499
502
498
501
500
500
499
501
500
500
500
500
500
499
501
500
500
500
500
500
500
500
500
500
500
500
500
500
500
500
499
501
499
501
499
501
500
500
500
500
500
500
499
501
501
499
500
500
500
500
499
501
500
499
501
500
500
500
500
500
500
500
500
499
501
500
500
500
500
500
500
500
500
500
500
500
500
500
500
500
499
501
500
500
500
500
500
500
500
501
499
500
500
500
500
500
500
500
500
500
500
500
500
500
500
501
498
500
501
500
500
500
500
500
500
499
501
500
500
500
499
501
500
500
501
499
501
499
500
500
500
500
500
500
500
500
500
500
499
501
500
501
499
499
501
500
500
499
501
500
500
500
499
501
500
500
500
500
499
500
500
501
500
500
500
500
500
500
499
501
500
500
500
500
499
501
500
500
499
501
500
499
500
500
501
500
500
499
501
499
501
499
501
500
500
500
500
500
500
499
501
500
499
500
501
500
500
500
499
501
499
501
500
500
500
500
500
500
500
499
501
500
500
499
501
500
500
500
500
500
500
499
501
500
499
501
500
500
500
500
500
500
499
501
500
500
500
500
499
501
499
501
500
500
500
500
499
501
499
501
500
500
499
500
500
501
499
500
500
500
501
500
500
500
500
499
501
500
500
499
500
501
500
499
501
500
500
500
500
500
500
500
500
499
501
500
499
501
499
500
501
500
500
499
500
501
500
500
500
500
500
500
499
501
499
500
501
500
500
500
500
500
499
501
500
500
500
500
500
500
500
500
500
499
501
500
499
502
499
500
500
500
500
499
501
500
499
501
500
500
500
500
500
500
500
499
501
500
500
499
501
500
500
500
500
500
500
500
499
501
500
500
500
499
501
499
500
502
499
500
500
500
500
500
499
501
499
500
501
499
501
500
500
500
499
501
500
500
500
500
500
500
500
500
499
501
500
500
500
500
500
500
500
499
501
500
500
500
500
500
500
500
500
500
500
500
500
500
500
500
500
500
499
501
500
500
500
499
501
500
499
501
500
500
500
500
500
500
500
500
502
497
501
500
500
500
499
501
500
500
500
500
500
500
505
495
500
499
501
500
500
500
500
500
499
501
500
500
500
500
500
500
500
499
501
499
501
500
499
501
500
500
500
500
500
499
501
500
500
500
501
499
500
499
500
501
500
500
499
501
500
500
499
501
500
500
500
500
500
500
500
500
499
501
500
500
499
501
500
500
500
500
501
499
500
499
501
500
500
500
500
500
500
500
500
500
500
500
500
499
501
500
500
500
500
500
500
500
500
500
499
501
500
500
499
501
500
500
499
501
500
500
500
499
501
500
499
501
499
501
500
500
500
500
500
500
500
500
500
500
499
501
499
501
500
500
500
500
500
500
499
501
500
500
500
500
500
500
500
499
500
501
500
500
500
500
500
500
500
500
500
499
501
499
501
500
499
501
500
500
500
500
499
501
499
501
500
500
500
500
499
501
499
501
500
500
500
500
499
501
499
501
500
500
500
500
500
500
499
501
500
500
500
500
500
500
500
500
500
500
500
500
500
500
499
501
499
500
501
500
499
501
499
501
500
499
501
500
500
500
500
500
500
500
500
500
499
501
499
501
500
500
500
500
500
500
500
500
500
500
500
499
501
500
500
499
501
499
501
499
501
500
500
500
500
500
500
500
500
500
500
500
501
498
501
499
500
501
499
501
500
500
500
500
500
500
500
500
500
500
500
499
501
501
499
499
501
500
500
500
500
500
500
499
501
500
499
501
500
500
499
500
501
500
499
501
499
501
499
500
500
500
500
501
500
500
499
500
501
500
500
500
500
500
500
499
501
500
499
500
501
500
500
499
501
500
500
500
499
501
500
500
500
500
499
501
500
500
500
500
500
500
500
500
499
501
500
500
500
500
500
499
501
500
500
500
499
500
501
500
500
500
499
501
499
501
500
499
501
500
500
500
500
500
499
501
499
501
500
500
501
499
499
501
500
500
499
501
500
500
500
500
499
501
500
500
500
499
501
499
501
500
499
500
502
498
501
500
500
500
500
500
500
500
500
500
500
501
499
500
500
500
500
500
500
500
500
500
500
499
500
501
499
501
499
500
501
500
500
500
500
500
500
500
500
500
500
500
499
501
500
500
500
500
500
499
501
500
500
500
500
500
500
500
500
500
499
500
501
500
500
499
500
501
499
501
499
500
500
500
501
500
499
500
501
499
501
500
499
501
500
500
500
500
500
500
500
500
500
500
500
500
499
501
499
501
499
501
500
500
499
501
500
500
499
500
501
500
500
499
501
501
499
500
500
499
500
501
500
500
500
500
500
499
500
501
500
500
499
501
500
500
499
500
501
500
500
500
500
500
500
499
500
501
500
499
501
500
500
499
500
501
499
500
501
500
499
501
500
500
500
500
500
500
500
500
500
500
500
500
500
499
501
499
501
500
500
500
500
501
499
500
499
501
500
500
500
500
500
500
499
501
499
501
499
501
499
501
500
500
500
500
500
499
501
499
501
500
500
500
500
499
501
500
499
501
500
500
500
500
500
500
500
500
500
500
500
500
500
500
499
501
499
500
501
500
500
500
500
500
500
500
500
500
500
500
499
501
500
499
502
499
500
500
500
500
500
500
500
499
500
500
501
500
499
501
500
500
500
500
500
500
500
500
500
500
500
500
500
500
500
500
500
500
500
500
500
500
500
500
501
498
501
500
500
500
500
499
501
499
501
500
499
501
500
499
501
499
501
500
499
501
499
501
500
500
500
500
499
501
500
500
500
500
501
499
500
500
500
499
501
500
500
500
500
500
500
500
500
499
501
499
501
500
500
500
500
500
500
500
499
502
499
500
500
500
499
501
499
501
499
501
500
500
500
500
499
501
500
499
501
499
501
500
499
501
499
500
500
501
500
500
500
500
500
500
499
501
500
500
500
500
500
500
500
500
500
499
500
501
500
500
500
500
500
500
499
501
500
500
500
500
499
500
500
501
500
499
500
501
500
500
500
500
499
500
501
500
500
500
500
500
499
501
501
499
500
500
500
500
501
499
500
500
499
501
499
501
499
501
500
500
499
501
499
501
499
501
500
500
500
503
499
498
500
500
500
500
500
500
500
500
500
500
500
500
500
500
499
501
500
500
500
499
501
500
500
500
500
500
500
500
502
498
500
500
500
500
500
499
501
500
500
501
499
500
500
499
501
500
500
500
500
499
501
500
500
500
499
501
500
499
501
500
500
500
500
500
500
500
500
500
499
500
501
500
500
500
500
500
500
500
499
501
500
500
500
500
500
499
501
500
500
500
500
499
500
501
500
500
500
500
501
499
500
500
500
500
500
500
500
501
498
501
500
500
500
500
500
500
500
500
500
500
499
500
500
501
500
500
500
500
500
499
501
499
501
499
501
500
500
500
500
500
500
500
500
501
499
500
500
499
501
500
500
500
500
500
500
500
499
501
499
501
500
500
500
500
500
499
500
501
501
498
501
500
500
499
501
500
500
500
500
500
500
500
500
500
500
500
499
501
500
500
500
500
499
501
500
500
500
500
499
501
500
500
499
501
500
499
500
501
499
501
500
500
500
500
500
500
500
500
500
500
500
499
501
500
500
500
500
500
500
499
501
500
500
500
499
501
500
500
500
500
500
500
500
500
500
500
500
500
500
500
500
500
499
501
500
501
502
497
500
500
500
500
499
501
499
501
500
500
500
500
505
495
500
500
500
499
500
501
499
501
499
500
501
500
500
499
501
500
500
500
499
500
501
500
500
500
500
499
501
499
501
500
499
501
500
500
500
500
500
500
500
500
499
501
499
501
500
500
499
501
500
499
501
500
500
500
500
500
500
500
499
501
500
500
500
500
500
500
500
500
500
500
499
501
500
500
500
499
500
500
500
501
500
500
500
500
500
500
500
500
500
500
500
500
500
500
500
500
499
500
501
499
501
500
500
500
499
500
501
500
499
500
500
502
499
499
500
501
500
500
500
500
500
500
500
500
499
501
500
500
500
499
501
500
500
500
500
500
500
500
499
501
500
500
500
500
499
501
501
499
500
500
499
501
499
500
501
500
500
499
500
501
500
500
500
499
501
500
500
500
500
500
500
499
501
499
501
500
500
500
500
500
499
501
500
500
500
500
500
500
500
500
499
501
500
500
500
500
500
500
500
500
500
500
500
500
500
499
501
500
500
499
501
500
500
500
500
500
499
501
500
499
501
500
500
500
500
500
500
500
500
500
500
500
500
500
500
500
500
499
501
500
500
500
500
500
500
499
500
501
500
500
500
499
501
499
501
500
500
500
500
500
500
500
500
500
500
500
500
500
500
501
498
501
500
499
501
500
499
501
500
500
499
500
500
501
500
500
500
501
499
499
500
501
500
500
500
500
500
500
500
500
500
500
500
500
500
500
500
500
500
500
499
501
500
500
500
500
500
500
500
500
500
500
500
500
499
501
500
500
500
500
499
501
500
499
501
500
500
499
501
499
501
500
500
501
499
500
500
500
499
501
499
501
499
501
500
500
500
500
499
501
499
501
500
500
500
500
500
500
499
500
501
500
500
499
501
500
499
501
500
499
501
500
500
501
499
500
500
500
500
499
501
500
500
500
500
500
500
500
500
500
500
500
500
500
499
501
500
500
499
500
501
500
500
499
501
500
499
501
500
500
500
500
500
500
501
499
500
500
500
499
501
503
496
501
500
500
499
501
500
500
499
501
500
500
500
500
499
501
499
501
500
500
500
499
500
501
500
500
500
500
499
501
500
500
500
500
500
499
501
500
500
500
500
500
500
499
500
501
500
500
499
501
501
499
500
500
500
500
500
500
500
500
500
500
500
500
500
500
500
500
500
499
501
500
500
500
499
501
500
499
501
500
500
499
501
500
500
500
500
500
500
500
499
500
500
501
500
500
499
501
500
500
500
500
500
500
500
499
501
500
499
500
500
501
500
500
500
500
500
500
500
500
500
500
500
500
500
500
500
500
500
500
499
501
500
500
499
501
500
500
500
500
499
501
500
500
500
500
500
500
499
501
499
501
500
500
500
500
499
501
500
500
500
500
500
500
499
501
500
500
499
500
501
500
500
499
501
500
499
501
500
500
500
500
500
500
500
500
499
501
499
501
499
501
500
500
499
501
499
501
500
500
499
500
501
500
500
499
501
500
500
500
500
499
501
500
500
500
500
500
500
500
500
500
499
501
499
500
501
500
499
501
499
501
500
500
500
499
501
500
500
500
500
500
500
500
500
500
500
500
500
500
499
501
500
500
500
500
500
499
501
500
500
500
500
500
499
501
500
500
500
500
500
500
500
500
500
500
499
501
499
501
500
499
501
500
500
499
501
500
500
500
499
501
499
500
501
500
500
500
500
500
500
499
501
500
500
500
500
499
501
500
500
500
500
500
500
500
500
500
499
501
500
500
499
501
499
501
500
500
500
499
501
499
501
500
500
500
500
500
500
499
500
501
500
500
500
500
500
500
499
501
499
501
500
500
499
501
500
500
499
501
500
500
500
500
499
501
500
500
500
500
500
500
500
499
501
500
500
500
500
500
499
501
500
500
500
500
500
500
499
501
499
501
499
501
500
500
500
500
500
500
500
500
500
500
500
500
500
500
500
500
500
500
500
500
500
501
499
499
501
500
499
500
500
501
499
500
501
500
499
501
499
501
501
499
500
500
500
500
499
501
499
501
500
500
500
500
500
500
500
500
500
500
500
500
500
500
500
500
500
500
499
500
500
501
500
499
501
499
501
499
501
500
500
500
500
500
500
500
499
501
499
500
501
500
500
500
500
500
500
500
500
500
499
501
500
500
500
500
500
500
499
501
500
500
500
499
501
499
501
500
500
500
500
500
500
500
500
500
500
500
499
501
500
499
500
501
499
501
500
500
500
500
499
501
499
501
499
500
501
500
500
500
500
500
500
499
501
499
501
499
501
500
500
500
500
500
500
499
500
501
499
501
500
500
499
501
500
500
500
500
500
500
499
500
501
500
500
500
500
500
500
500
499
501
500
500
500
499
501
500
500
500
500
500
500
499
501
500
500
500
500
500
500
500
499
500
500
501
500
499
501
500
499
501
500
500
500
500
500
500
500
499
501
500
499
501
500
500
500
500
500
500
500
500
501
499
499
501
500
500
500
499
501
500
500
500
500
500
499
501
500
500
499
501
500
500
500
500
501
499
500
500
499
501
500
500
500
500
500
499
501
500
500
500
500
500
500
500
499
501
500
500
500
500
500
500
500
500
500
500
499
501
500
500
499
501
500
500
500
500
500
500
499
501
500
500
500
500
499
500
500
501
500
500
500
500
500
500
499
502
499
500
500
499
500
500
501
501
499
500
499
501
500
500
500
500
499
501
500
500
500
500
499
501
499
501
499
500
500
500
500
501
499
501
500
500
500
499
501
500
500
499
500
500
501
500
500
500
500
500
500
499
501
500
500
500
500
500
500
500
499
500
500
501
500
500
499
501
499
501
500
500
500
500
500
501
498
501
499
502
499
500
500
500
500
500
500
500
500
500
500
500
500
499
500
501
500
499
501
499
501
499
500
501
499
501
500
500
499
500
500
501
500
500
500
500
500
500
500
501
499
500
500
500
500
499
500
501
500
500
500
500
500
500
499
501
500
499
501
499
501
499
501
500
500
500
500
500
500
500
500
500
499
501
500
500
500
500
499
502
499
499
501
500
500
499
501
500
500
500
499
500
501
500
499
501
500
500
500
500
499
501
499
502
499
499
500
500
500
501
500
499
501
500
500
500
500
500
500
500
500
499
502
499
500
500
499
501
499
501
500
500
500
499
500
501
500
499
501
500
499
500
501
500
500
500
500
500
500
500
500
500
499
500
501
500
500
500
499
501
500
500
500
500
499
501
500
500
499
501
500
499
501
499
501
500
500
500
500
500
500
500
500
500
500
499
501
500
500
499
501
500
500
499
500
501
500
500
500
501
499
500
500
500
500
500
499
501
500
500
499
501
500
500
499
501
500
500
501
499
500
500
500
500
500
500
500
499
501
500
499
501
500
499
501
499
501
500
499
501
500
500
500
500
500
500
500
500
500
499
501
500
500
499
501
500
500
500
500
500
500
500
500
501
499
500
500
500
499
501
500
501
499
499
501
499
501
500
500
500
500
500
500
500
499
500
501
500
500
500
500
500
500
499
500
501
500
500
500
500
500
500
499
501
500
500
500
500
500
500
500
500
500
500
500
499
501
500
499
502
499
499
501
500
500
500
500
500
500
500
500
500
500
500
499
501
500
500
500
500
500
500
500
500
500
500
500
499
501
500
500
500
501
499
500
500
500
500
499
504
497
500
500
500
500
499
501
500
500
500
500
500
500
500
500
500
500
499
501
500
500
500
499
501
500
499
501
500
500
499
500
501
500
500
500
500
500
499
501
500
500
500
499
501
499
501
500
500
500
499
501
500
500
500
500
500
499
501
500
500
500
499
501
500
499
500
501
500
500
500
500
500
500
500
500
499
501
500
500
500
500
500
500
500
500
500
499
501
500
499
501
500
500
500
499
501
499
501
500
500
500
500
500
500
500
500
500
499
501
499
501
500
500
499
501
500
500
499
500
501
500
500
500
500
500
499
501
501
499
500
499
501
500
499
500
501
499
501
507
493
500
499
501
501
498
501
500
500
500
500
500
500
500
500
500
500
500
500
500
500
499
501
500
499
500
501
500
500
500
499
500
500
500
501
499
501
500
500
500
500
500
500
499
501
500
500
501
502
497
500
499
501
500
500
500
500
500
500
499
502
499
500
500
499
500
501
500
500
500
500
500
499
501
500
500
500
500
500
500
500
500
500
499
501
499
500
501
500
499
501
500
500
500
500
500
500
500
500
500
500
500
500
501
499
500
499
501
500
500
500
500
500
500
500
500
500
499
501
500
499
500
501
500
500
500
500
500
500
499
501
500
500
500
500
500
500
499
501
500
500
500
500
500
500
499
501
499
501
500
500
500
499
501
500
500
500
500
500
500
500
500
500
500
500
500
499
502
499
500
500
500
500
500
500
500
499
500
501
499
501
500
500
500
500
500
500
500
500
500
500
500
500
500
500
500
500
500
500
500
500
500
500
500
500
500
500
500
500
500
500
499
500
501
500
500
500
499
500
500
502
499
500
500
499
500
501
499
502
499
499
501
500
499
500
500
501
500
499
501
500
500
500
500
500
500
500
500
500
500
500
500
500
500
500
500
500
500
499
500
501
499
501
500
500
499
501
499
501
500
500
500
500
500
499
501
500
499
501
500
499
501
499
501
500
500
500
500
500
500
499
501
500
501
498
502
499
500
500
500
500
500
500
500
500
499
501
500
500
499
500
500
501
499
501
500
500
499
501
500
499
501
499
501
500
500
500
500
500
500
500
499
501
500
500
500
499
501
500
500
500
500
500
500
500
499
501
500
500
500
500
500
500
500
500
499
501
500
500
500
500
500
499
500
501
500
500
500
499
500
500
501
500
500
500
501
499
500
500
500
500
500
500
500
499
501
500
500
500
500
499
501
499
501
500
499
501
500
500
500
500
500
500
500
500
500
500
500
500
500
500
499
502
498
501
500
499
501
499
501
500
500
500
500
500
500
499
501
499
500
501
500
500
499
501
499
501
499
500
501
500
500
500
499
501
500
500
499
501
500
500
500
500
500
500
500
500
500
500
500
500
500
500
501
499
500
499
501
500
500
500
499
501
500
499
501
500
500
500
500
500
500
500
499
501
500
500
500
500
499
501
499
501
500
500
500
500
499
501
499
501
500
500
500
499
501
499
501
500
500
499
501
500
500
500
499
501
499
501
500
500
499
501
499
501
500
500
500
500
500
500
500
500
499
501
500
500
500
500
500
501
499
500
501
499
500
499
501
500
500
500
500
499
501
499
501
500
500
500
500
500
499
500
500
501
500
500
500
500
500
500
500
500
500
499
501
500
500
500
500
500
500
500
500
499
501
500
506
494
500
500
500
500
500
500
499
501
500
500
500
500
500
499
501
500
500
500
500
500
500
501
499
500
500
500
500
500
500
500
499
501
500
500
500
500
500
499
501
500
500
499
501
499
500
500
501
500
500
500
500
499
501
499
501
500
499
501
500
500
499
501
499
501
500
499
501
500
499
501
499
501
500
500
500
499
501
500
500
500
499
501
500
500
500
499
501
500
500
500
500
500
500
499
501
500
500
500
500
500
499
501
500
500
499
501
499
501
500
500
500
500
500
500
500
500
500
500
500
500
499
501
500
500
500
500
499
501
500
499
501
500
500
499
501
500
500
499
501
500
500
500
499
501
500
500
499
501
499
501
500
501
499
500
500
500
499
501
499
501
499
501
499
501
500
499
501
500
499
501
500
500
500
500
501
499
499
500
501
499
501
500
500
500
500
499
501
500
500
500
500
501
499
499
501
500
499
501
500
500
499
500
501
500
500
500
499
502
499
499
501
500
500
500
500
500
500
500
501
498
501
500
500
500
500
500
500
500
499
501
499
501
500
500
500
500
499
501
500
500
500
499
501
499
500
501
500
501
498
501
500
500
500
500
500
500
500
500
500
500
499
500
500
500
501
500
500
500
500
500
499
501
500
500
500
499
501
500
499
501
499
501
500
500
500
500
499
501
500
500
500
500
500
499
501
500
500
500
500
500
500
500
500
500
500
500
499
501
500
500
499
501
500
499
501
500
500
500
500
500
500
500
500
500
500
500
499
501
500
500
500
500
499
501
500
500
499
501
500
499
501
500
499
501
500
500
500
499
501
500
500
500
501
499
500
500
500
499
501
500
500
500
500
500
499
501
500
500
500
500
500
500
499
501
499
501
500
500
499
501
500
500
500
500
500
500
500
500
500
500
500
500
500
500
501
498
501
500
500
500
499
501
500
500
499
501
499
501
500
500
500
500
499
500
501
500
499
501
500
500
500
500
500
500
500
500
500
500
500
500
499
501
499
501
500
500
500
500
500
500
500
500
500
499
500
500
501
500
500
500
500
499
501
500
500
500
500
500
501
499
499
501
500
500
500
500
499
500
501
500
499
501
499
500
501
499
501
500
500
500
500
500
500
500
500
500
500
500
500
500
500
500
500
500
500
500
499
501
500
500
499
500
501
500
500
500
500
500
500
500
499
501
500
500
500
499
501
500
500
501
499
500
500
499
501
499
501
501
499
499
501
500
500
499
501
500
500
500
500
500
500
500
500
500
499
501
499
501
499
501
499
502
499
500
500
500
500
500
500
500
500
500
500
500
500
500
499
501
500
500
500
500
500
500
500
500
499
501
500
499
501
500
500
500
499
500
501
500
500
500
499
501
499
501
500
500
500
500
499
501
500
500
499
501
500
500
500
500
500
500
500
499
501
500
500
500
499
500
501
500
499
500
501
500
499
501
500
500
499
500
500
501
500
499
501
500
499
501
500
501
499
499
500
500
501
500
500
500
500
500
500
500
499
501
500
500
500
499
501
499
501
500
500
500
500
500
500
500
499
501
500
500
500
500
500
500
499
501
500
500
499
501
500
500
500
499
501
500
500
500
499
501
500
499
501
500
500
499
501
500
500
500
499
501
500
500
499
500
501
500
500
501
499
500
500
500
499
501
500
500
500
499
501
500
500
499
501
500
499
501
500
499
500
500
501
500
500
499
502
498
501
500
500
500
499
501
500
500
500
500
499
502
499
500
500
500
499
501
500
500
500
500
500
500
500
500
500
500
500
500
500
499
501
499
501
500
499
501
500
500
500
499
501
500
500
500
500
499
501
500
500
500
500
499
501
500
500
500
500
500
500
500
499
501
500
499
500
501
500
500
500
499
501
500
500
500
500
500
500
500
500
500
500
500
500
500
500
500
500
499
500
501
500
500
500
500
499
501
500
500
500
500
499
501
500
500
499
501
500
500
500
500
500
499
500
501
500
500
500
500
500
500
500
500
501
499
500
500
500
500
500
501
499
499
503
497
500
501
499
501
499
501
500
500
500
499
501
500
500
500
500
500
500
499
500
501
499
501
501
499
500
500
499
501
500
500
500
499
501
500
500
500
499
500
501
499
501
499
501
500
499
501
500
500
500
500
500
500
499
501
499
501
501
499
500
500
499
501
500
500
500
500
499
501
500
500
500
500
500
500
500
500
500
500
500
500
500
499
501
500
500
499
500
501
500
500
500
500
500
500
500
500
500
500
500
500
500
500
500
500
500
500
500
501
499
499
501
500
500
499
501
500
500
500
500
499
501
499
501
500
500
500
500
500
500
500
500
500
500
500
500
500
500
500
500
500
500
500
500
500
499
501
499
502
499
500
499
500
501
500
500
500
500
500
501
498
501
500
500
500
499
500
501
500
500
500
500
500
500
500
500
500
500
500
499
501
500
500
500
500
500
500
500
501
499
500
499
501
499
501
499
501
500
500
501
499
500
499
501
500
499
500
501
500
500
500
500
500
500
500
500
500
500
500
500
500
499
501
500
500
500
501
499
500
499
501
500
500
499
501
500
501
499
500
500
500
500
499
501
500
500
500
500
499
501
500
499
501
500
500
500
500
500
499
501
500
500
500
500
499
500
501
499
501
500
500
500
500
500
500
499
502
499
499
501
500
500
500
500
500
500
500
500
500
500
500
500
500
500
500
500
500
500
499
501
500
500
500
500
500
499
501
499
501
500
500
500
500
499
501
500
500
500
500
500
500
500
499
501
500
500
500
499
501
500
499
500
501
499
501
500
500
500
500
500
500
499
501
500
500
500
500
500
501
499
500
500
500
500
500
499
501
500
500
500
500
499
501
500
501
498
501
500
499
502
499
500
500
500
500
500
499
501
500
500
500
500
500
500
500
500
500
500
500
500
500
500
500
500
499
500
501
499
500
501
500
500
500
500
500
500
500
500
499
501
500
500
500
500
500
500
499
500
500
501
500
500
500
500
499
501
499
500
502
499
500
500
499
501
500
499
501
500
499
501
500
499
501
500
500
499
501
500
500
499
501
500
500
500
499
502
499
500
499
500
501
500
500
500
500
500
500
500
501
499
500
500
500
500
499
501
500
500
500
500
500
499
501
500
500
499
501
499
501
500
500
499
501
499
501
500
500
500
500
500
500
500
500
500
499
501
500
500
500
500
500
500
500
500
499
501
500
500
500
500
499
501
500
500
500
499
501
500
500
499
501
499
501
499
501
500
499
501
500
499
501
499
501
500
500
500
500
499
501
500
500
500
500
499
501
500
500
499
501
500
500
500
500
499
501
500
500
500
500
500
499
500
501
500
499
501
500
500
500
499
502
499
500
500
499
501
500
499
502
499
500
500
500
500
499
501
500
500
500
500
500
500
499
501
500
499
501
500
500
500
500
500
500
500
500
501
499
500
500
500
500
500
500
500
499
501
500
499
501
499
500
502
499
500
499
501
500
499
500
501
500
500
500
499
501
500
500
499
501
500
500
500
500
500
500
500
501
498
501
500
500
500
500
500
500
500
500
500
500
499
501
501
499
499
501
500
500
500
500
500
499
501
500
500
500
499
501
500
500
500
500
500
500
500
500
499
501
500
500
499
501
500
500
501
499
500
500
500
501
499
500
500
500
499
500
501
500
499
501
500
500
500
500
500
500
500
500
500
500
500
499
501
500
500
500
500
500
500
499
501
500
499
501
500
500
500
500
500
501
499
500
500
500
500
500
500
500
500
500
500
500
500
500
500
500
500
499
501
500
500
500
500
500
500
500
500
500
500
499
501
500
500
499
501
500
500
500
500
500
500
500
500
500
500
500
499
501
500
500
500
500
500
500
500
500
499
501
500
500
500
500
500
500
500
500
500
500
500
500
499
501
500
500
500
500
500
500
500
500
500
500
500
500
499
501
499
501
500
500
499
501
499
500
501
500
501
499
499
501
500
499
501
500
500
500
500
500
500
500
500
500
500
500
500
500
500
500
500
500
500
500
500
500
500
500
500
500
500
499
501
499
501
499
500
501
500
500
500
500
499
500
501
500
500
500
500
500
500
500
500
500
500
499
501
500
500
500
500
500
499
501
500
500
499
501
499
501
500
500
500
500
500
500
500
500
500
500
500
499
501
500
500
500
500
500
500
500
500
500
500
500
500
500
500
500
499
501
500
500
500
500
500
500
500
500
499
501
500
500
500
500
499
501
499
501
500
499
501
500
500
500
500
500
499
501
501
499
500
500
500
500
500
499
501
499
501
500
500
500
500
500
500
499
501
500
499
501
500
500
500
500
500
500
499
501
500
500
500
500
500
499
500
501
499
501
500
500
499
501
500
500
500
499
501
500
500
500
500
500
500
500
500
499
501
499
500
501
499
501
500
500
499
500
500
501
499
501
500
500
499
501
499
501
499
501
500
500
500
499
501
500
499
501
500
500
499
500
500
501
500
500
500
500
500
499
500
501
500
500
500
499
501
500
500
500
499
501
499
501
500
500
500
500
500
500
499
501
500
500
499
501
500
500
500
500
500
500
500
500
501
499
500
499
501
500
500
500
500
500
500
499
501
500
499
501
500
500
500
500
499
501
499
501
500
500
500
499
500
501
500
500
500
500
500
499
501
500
500
501
501
498
500
499
501
500
499
501
500
499
501
500
500
500
500
500
500
499
501
500
500
499
501
500
500
500
500
500
499
501
499
501
500
500
500
500
500
500
499
501
500
500
500
500
500
500
499
501
500
500
500
500
500
499
501
500
499
501
500
499
500
501
500
500
499
501
500
500
499
501
499
501
500
500
500
499
501
500
500
500
499
501
500
500
500
499
501
501
499
500
501
499
500
500
499
501
500
500
500
500
500
500
499
501
499
501
500
500
500
500
500
500
500
500
500
500
500
500
499
501
500
500
500
500
500
499
500
501
500
499
501
499
501
500
500
500
499
501
500
499
501
500
499
501
500
500
501
499
500
500
499
501
500
500
500
500
499
501
500
500
500
500
501
499
499
501
499
502
499
500
500
499
501
500
500
500
500
500
500
500
500
500
499
501
500
500
500
500
500
500
499
501
500
500
500
500
500
500
500
501
498
501
500
500
499
501
500
500
500
500
500
500
500
500
500
500
500
500
499
501
500
499
500
501
500
500
500
500
500
500
500
500
500
500
500
500
500
500
500
500
500
500
500
500
500
499
500
501
499
501
500
500
500
500
500
500
499
501
500
500
500
499
501
500
500
500
500
499
501
500
499
501
500
500
500
500
500
500
500
500
499
500
501
500
500
499
500
501
500
500
500
499
500
501
499
501
499
500
501
500
500
500
500
500
500
499
501
500
500
499
501
500
500
499
501
500
499
501
500
500
500
500
500
500
499
501
499
501
500
500
500
499
500
501
499
501
500
500
500
500
500
499
501
500
500
499
501
500
500
499
501
500
500
499
501
500
500
499
501
500
499
501
500
500
499
501
500
500
500
500
500
500
499
501
500
501
499
499
501
500
500
500
499
501
500
500
500
500
500
500
500
500
500
499
501
500
500
500
499
501
500
500
500
500
500
500
500
500
500
500
500
500
499
501
500
500
499
501
499
501
499
501
499
502
499
500
500
500
500
500
500
500
500
500
500
499
500
501
500
500
500
500
500
499
501
500
500
500
500
500
499
501
499
500
500
501
500
500
500
500
500
500
499
501
499
501
499
501
499
501
500
500
500
500
500
499
501
500
500
500
500
500
500
499
501
500
500
501
499
500
500
499
500
501
500
500
499
501
500
500
500
500
500
500
499
501
500
500
500
500
500
500
500
500
499
501
500
500
499
501
500
500
500
499
500
500
501
500
500
499
501
500
500
500
499
501
500
500
500
500
500
500
500
500
500
499
502
498
501
500
500
500
500
500
500
499
500
501
500
500
500
500
499
501
500
500
500
500
500
499
501
500
500
500
499
501
500
500
500
499
500
501
500
500
499
501
500
500
500
500
500
500
499
501
500
500
500
500
499
501
500
500
500
500
500
500
500
500
500
499
501
500
500
500
500
500
500
499
501
499
500
500
501
500
499
501
499
501
500
499
500
501
500
500
500
500
500
500
500
500
500
500
500
499
500
501
500
500
499
501
500
500
500
500
500
500
500
500
500
500
500
499
501
500
499
500
500
501
500
500
500
500
499
501
500
500
500
500
499
501
500
500
500
499
500
500
501
500
499
500
501
499
501
500
500
500
500
499
501
500
499
501
500
500
499
500
501
499
500
500
501
500
499
501
500
500
500
500
500
500
500
500
500
500
500
500
500
504
495
501
500
499
501
499
501
500
500
500
500
500
500
500
500
500
500
500
500
500
499
500
500
501
500
500
500
499
501
500
499
501
500
500
501
499
500
500
500
500
499
501
500
500
500
500
500
500
500
499
501
500
500
500
499
501
500
499
501
500
500
500
500
500
500
500
500
499
500
501
500
500
500
500
500
500
500
499
500
501
499
501
500
500
499
501
499
501
499
500
500
500
501
499
501
500
500
499
501
500
499
501
500
500
500
499
501
500
499
500
501
500
500
499
501
500
500
500
500
500
500
500
500
500
500
499
501
500
499
501
500
500
499
501
500
500
500
500
500
500
500
499
500
501
500
499
501
499
501
500
499
501
500
500
500
500
500
500
500
500
500
500
500
500
499
501
499
501
500
500
499
501
500
500
500
500
500
500
499
500
500
500
501
501
498
500
501
500
499
500
500
501
500
500
500
500
500
500
500
500
500
499
502
499
500
499
500
501
500
500
500
500
499
501
500
500
499
501
501
499
500
500
500
501
499
500
500
499
501
500
500
500
500
500
500
500
500
499
500
501
500
500
500
500
500
500
500
500
500
500
500
500
500
500
500
500
499
501
500
500
500
499
501
500
500
499
501
500
500
500
500
500
500
500
500
499
501
500
500
500
500
500
500
499
501
500
500
500
500
499
501
500
500
500
500
500
499
501
500
500
500
500
500
500
500
500
500
500
500
500
500
500
500
500
500
499
501
500
500
500
500
500
500
500
499
500
501
500
500
500
500
500
500
500
499
501
499
501
499
501
499
501
499
502
499
500
500
500
500
500
500
500
499
500
501
500
500
500
500
500
501
499
500
500
500
500
500
500
500
500
499
501
499
501
500
500
500
500
500
500
500
500
500
500
500
500
500
500
499
501
500
500
500
500
500
500
500
500
499
501
500
499
501
499
501
499
500
501
500
500
500
499
500
500
501
500
499
501
500
500
500
500
500
501
499
500
500
500
500
500
500
500
502
498
500
500
500
500
499
501
499
500
501
500
500
500
500
500
500
500
499
501
500
500
500
500
500
500
500
500
499
501
500
500
499
501
499
501
500
500
500
501
499
500
500
500
499
501
500
500
501
499
500
499
501
500
500
500
500
500
500
500
500
500
500
500
500
499
501
500
500
500
499
501
500
500
500
500
500
500
499
501
500
500
499
501
500
499
500
501
499
501
500
500
500
500
500
500
499
500
501
500
500
500
500
500
500
500
500
500
500
500
500
500
500
500
500
500
500
499
501
501
498
501
500
500
500
499
500
501
500
499
501
500
499
501
499
501
500
500
500
500
500
499
501
500
500
499
502
499
500
499
501
500
499
501
500
500
500
500
499
501
500
500
500
500
499
501
500
501
499
500
499
501
500
500
500
500
500
500
500
500
500
499
500
501
500
499
501
500
499
501
500
500
500
500
501
499
499
500
501
500
500
500
500
500
499
501
499
502
499
500
499
501
500
500
500
500
500
500
499
501
500
500
500
500
500
500
500
500
500
500
500
500
500
500
500
500
500
500
499
501
499
501
500
500
499
501
499
501
500
499
501
500
500
500
500
500
499
500
500
500
501
500
500
500
500
499
501
500
500
500
500
500
499
501
500
500
500
500
499
501
499
500
501
500
499
500
500
501
499
501
500
500
499
500
501
500
500
500
500
500
500
499
501
500
500
499
501
500
500
499
501
500
499
501
500
500
500
500
500
500
500
500
501
499
500
500
499
501
500
500
500
500
499
500
500
501
500
500
500
499
501
500
499
501
499
501
500
500
500
500
500
500
499
501
500
500
500
500
499
501
500
500
500
500
500
500
499
502
499
500
499
500
501
500
499
501
500
499
501
500
500
500
499
501
499
501
500
500
500
500
500
500
500
500
500
500
500
500
500
500
500
500
500
500
500
499
500
501
499
500
501
500
500
500
499
501
499
501
499
501
500
500
499
501
500
499
500
501
500
500
500
500
499
501
500
499
501
500
500
499
501
500
500
500
500
499
500
501
500
500
500
499
501
500
499
501
500
500
499
501
500
500
499
501
500
499
500
501
499
501
500
500
499
500
501
500
499
501
499
501
501
498
502
498
501
500
499
501
499
500
500
500
501
499
501
500
500
500
500
499
501
500
500
500
500
500
500
500
500
499
500
501
499
501
500
500
499
501
500
500
500
500
500
500
500
500
500
500
500
500
500
500
500
500
500
500
500
500
500
499
500
500
500
502
499
500
500
500
499
501
499
501
499
501
500
500
500
500
500
500
500
499
500
500
501
499
501
501
499
499
501
500
500
500
500
500
500
500
500
500
500
500
499
501
499
501
500
500
500
500
500
500
499
501
500
500
499
501
500
500
500
500
500
500
499
501
500
500
499
500
501
500
500
499
501
500
500
499
501
499
501
500
500
500
499
501
500
500
499
501
500
500
500
500
500
500
499
501
500
501
499
499
501
500
500
499
500
501
500
500
501
499
500
499
501
500
500
500
500
499
501
499
501
500
500
500
500
500
500
500
500
500
500
499
501
500
499
501
500
500
500
500
500
500
500
500
499
501
499
501
500
500
500
499
501
500
500
499
501
500
500
500
500
500
500
500
500
500
499
500
500
501
499
501
500
500
499
500
501
500
500
500
500
499
500
500
500
505
495
501
500
499
501
500
500
500
500
500
500
499
501
500
500
500
500
499
501
500
500
500
500
500
500
499
501
500
500
500
499
501
500
499
501
500
499
500
501
500
500
500
501
499
500
500
499
501
499
501
499
501
499
501
500
500
500
499
500
501
500
500
499
501
500
499
501
500
500
500
500
500
500
500
500
499
500
501
500
500
500
499
501
500
499
500
501
500
499
500
500
501
500
500
500
500
500
500
499
501
499
501
500
500
500
500
500
500
499
501
500
500
500
499
501
500
500
500
500
500
500
500
500
500
499
501
500
500
499
501
500
500
500
500
500
500
499
501
500
500
499
500
501
500
500
500
500
500
500
499
500
502
499
499
501
500
500
499
501
500
499
501
500
500
499
501
500
500
500
500
500
500
499
501
500
500
500
500
500
499
501
499
501
500
499
500
501
499
501
500
500
500
500
499
501
499
501
499
501
500
500
500
500
500
499
501
499
501
500
500
500
500
499
501
499
501
499
500
501
500
500
500
499
501
500
500
500
500
500
499
500
501
500
500
501
499
500
500
499
501
500
500
501
498
501
500
500
500
500
500
500
500
500
500
500
500
499
501
500
500
500
500
499
501
499
500
501
500
500
500
500
500
500
500
500
500
500
500
500
500
500
500
500
500
500
500
500
500
500
500
499
501
499
501
499
501
499
501
500
500
500
500
500
500
500
500
500
500
500
500
499
501
500
499
501
499
501
500
499
501
500
500
500
500
500
500
500
500
500
500
500
499
501
500
500
501
498
501
500
500
500
499
500
501
500
500
500
500
499
501
500
500
500
500
500
499
501
500
500
500
499
501
500
500
499
501
500
500
500
500
500
500
500
499
501
500
500
500
500
500
499
500
501
500
500
499
501
500
500
500
500
500
499
501
500
500
500
499
500
501
500
500
500
500
500
499
501
500
500
500
500
499
500
501
500
500
500
499
501
500
499
501
499
501
499
501
500
500
500
500
500
501
501
498
500
500
499
501
499
501
500
500
500
499
500
500
501
500
499
500
501
500
500
499
501
500
500
500
500
500
500
500
500
500
500
500
500
500
500
499
501
500
500
500
500
500
499
501
500
500
499
501
500
500
500
500
500
500
500
500
500
499
501
500
500
500
500
499
501
500
500
500
499
501
499
501
500
500
500
500
500
500
500
500
500
500
500
500
499
501
500
501
500
499
500
499
501
500
500
500
500
499
501
500
500
500
500
499
501
500
499
500
501
500
500
500
499
501
500
500
499
501
499
501
499
500
501
500
499
501
500
500
500
500
499
501
499
501
500
500
500
499
501
500
500
500
500
499
501
500
500
499
501
500
500
500
500
500
499
501
499
501
500
500
500
500
500
499
501
500
500
500
500
500
499
500
500
501
500
500
499
501
500
500
500
500
500
500
500
500
500
500
500
500
500
500
500
500
500
500
499
501
500
500
500
500
500
500
500
500
500
500
500
500
500
499
500
501
500
500
500
500
499
501
500
500
500
500
500
499
501
500
500
500
500
499
501
500
500
500
500
500
500
500
500
500
500
499
500
501
500
500
500
500
500
499
500
501
500
500
500
500
499
501
500
500
500
500
500
500
500
500
500
500
500
499
501
500
500
500
500
500
500
500
500
500
500
499
501
500
500
500
500
500
500
499
500
501
500
499
501
500
500
500
499
501
500
500
499
501
500
500
500
500
500
500
500
499
501
500
500
501
499
500
500
500
500
499
500
501
500
500
500
500
500
500
500
500
499
501
500
500
499
501
500
500
499
501
499
501
500
500
500
500
499
501
500
499
501
500
499
501
500
500
500
500
500
500
500
500
500
499
501
499
500
501
500
500
500
499
500
501
499
500
501
500
499
501
500
500
500
500
499
501
499
501
500
499
501
500
500
500
500
500
500
499
501
499
501
500
500
500
499
500
501
500
500
500
499
501
500
499
501
500
500
500
499
501
499
501
499
501
500
499
500
501
500
500
500
500
500
500
500
500
501
499
500
500
500
500
500
500
500
499
501
499
501
500
500
500
500
500
500
500
500
500
500
500
500
500
500
499
501
500
499
501
500
499
500
501
500
501
499
500
500
499
501
500
500
501
498
501
500
500
500
500
499
501
500
500
500
499
501
499
500
501
500
500
500
500
500
500
500
500
500
500
500
499
500
501
499
501
500
500
500
500
500
500
500
500
500
500
500
501
499
499
500
501
500
500
500
499
501
500
500
500
500
500
500
499
501
500
500
500
500
500
500
500
500
499
501
500
500
500
500
500
500
500
499
501
499
501
501
499
499
501
499
501
499
501
500
500
500
499
500
501
500
500
500
501
499
500
499
501
500
500
500
500
500
500
499
501
500
499
501
500
500
500
500
500
500
500
499
501
500
499
500
501
500
500
500
500
500
499
501
500
500
500
500
499
501
500
500
500
500
500
500
500
500
500
500
500
500
500
500
500
500
500
499
501
500
500
500
500
500
499
500
501
500
500
500
500
500
499
501
500
500
499
501
500
500
499
501
500
500
500
500
499
501
500
500
500
500
500
500
500
500
499
500
501
500
500
500
499
501
500
500
500
499
501
500
500
500
499
501
500
500
500
500
500
500
500
500
500
499
500
500
501
500
499
501
500
499
501
500
500
499
501
499
506
495
500
500
499
501
499
500
501
500
500
500
500
500
500
500
500
499
501
500
500
500
500
500
500
500
500
500
500
500
500
500
500
500
500
499
501
500
500
500
501
499
500
500
500
500
500
499
501
499
501
500
500
499
501
500
500
500
500
500
499
500
500
501
500
500
500
500
500
500
500
499
501
500
500
500
499
501
500
499
501
499
501
500
500
500
499
501
500
499
501
500
500
499
500
500
501
499
501
500
500
500
500
500
500
499
501
499
501
500
500
500
500
500
500
500
500
500
500
499
501
500
500
500
500
499
501
499
500
500
501
500
499
501
500
500
500
500
500
500
500
500
500
501
500
499
500
500
499
502
499
500
500
500
500
501
499
500
500
500
501
499
500
500
500
500
500
500
500
500
500
500
500
500
500
500
500
499
501
500
500
500
500
499
502
499
499
501
500
499
502
499
501
500
500
500
499
499
501
500
501
499
500
500
500
500
499
501
500
500
500
